"Kingston upon Hull, City of_parks.geojson"
Cornwall_parks.geojson
Newcastle upon Tyne_parks.geojson
Rother_parks.geojson
Rochford_parks.geojson
Darlington_parks.geojson
West Lindsey_parks.geojson
Bolton_parks.geojson
Redcar and Cleveland_parks.geojson
Newham_parks.geojson
Harlow_parks.geojson
West Suffolk_parks.geojson
South Derbyshire_parks.geojson
Westmorland and Furness_parks.geojson
Chelmsford_parks.geojson
Maidstone_parks.geojson
Hounslow_parks.geojson
Tameside_parks.geojson
North Tyneside_parks.geojson
Wakefield_parks.geojson
Staffordshire Moorlands_parks.geojson
Barnet_parks.geojson
St Helens_parks.geojson
Boston_parks.geojson
Shropshire_parks.geojson
Enfield_parks.geojson
East Devon_parks.geojson
Guildford_parks.geojson
Bracknell Forest_parks.geojson
Bury_parks.geojson
Merton_parks.geojson
Babergh_parks.geojson
Bolsover_parks.geojson
Gravesham_parks.geojson
Forest of Dean_parks.geojson
Arun_parks.geojson
Braintree_parks.geojson
Swindon_parks.geojson
Cambridge_parks.geojson
Isles of Scilly_parks.geojson
Warwick_parks.geojson
Cumberland_parks.geojson
Wigan_parks.geojson
Ipswich_parks.geojson
"Bournemouth, Christchurch and Poole_parks.geojson"
Redbridge_parks.geojson
Rushmoor_parks.geojson
Tandridge_parks.geojson
Winchester_parks.geojson
North Warwickshire_parks.geojson
Blaby_parks.geojson
West Oxfordshire_parks.geojson
Lambeth_parks.geojson
Fenland_parks.geojson
Westminster_parks.geojson
